10012at3041.nwk	Complete
10033at3041.nwk	Complete
10034at3041.nwk	Complete
10037at3041.nwk	Complete
10039at3041.nwk	Complete
10044at3041.nwk	Complete
10056at3041.nwk	Complete
1005at3041.nwk	Complete
10061at3041.nwk	Complete
10065at3041.nwk	Complete
10067at3041.nwk	Complete
10076at3041.nwk	Complete
10100at3041.nwk	Complete
10111at3041.nwk	Complete
10118at3041.nwk	Complete
10122at3041.nwk	Complete
10128at3041.nwk	Complete
10141at3041.nwk	Complete
10156at3041.nwk	Complete
10157at3041.nwk	Complete
10167at3041.nwk	Complete
10175at3041.nwk	Complete
10181at3041.nwk	Complete
10182at3041.nwk	Complete
10184at3041.nwk	Complete
10197at3041.nwk	Complete
10198at3041.nwk	Complete
10201at3041.nwk	Complete
10205at3041.nwk	Complete
10253at3041.nwk	Complete
10273at3041.nwk	Complete
1027at3041.nwk	Complete
10293at3041.nwk	Complete
1029at3041.nwk	Complete
10301at3041.nwk	Complete
10319at3041.nwk	Complete
1032at3041.nwk	Complete
10334at3041.nwk	Complete
10373at3041.nwk	Complete
10388at3041.nwk	Complete
10409at3041.nwk	Complete
10412at3041.nwk	Complete
10418at3041.nwk	Complete
10459at3041.nwk	Complete
1047at3041.nwk	Complete
10482at3041.nwk	Complete
10491at3041.nwk	Complete
10500at3041.nwk	Complete
10517at3041.nwk	Complete
10539at3041.nwk	Complete
10545at3041.nwk	Complete
10566at3041.nwk	Complete
1056at3041.nwk	Complete
1057at3041.nwk	Complete
10618at3041.nwk	Complete
10642at3041.nwk	Complete
10650at3041.nwk	Complete
10667at3041.nwk	Complete
10668at3041.nwk	Complete
10679at3041.nwk	Complete
10684at3041.nwk	Complete
10699at3041.nwk	Complete
106at3041.nwk	Complete
1071at3041.nwk	Complete
10724at3041.nwk	Complete
1072at3041.nwk	Complete
10730at3041.nwk	Complete
10744at3041.nwk	Complete
10768at3041.nwk	Complete
10788at3041.nwk	Complete
10790at3041.nwk	Complete
10808at3041.nwk	Complete
1080at3041.nwk	Complete
10837at3041.nwk	Complete
1084at3041.nwk	Complete
10857at3041.nwk	Complete
10873at3041.nwk	Complete
1089at3041.nwk	Complete
1090at3041.nwk	Complete
10929at3041.nwk	Complete
10934at3041.nwk	Complete
1093at3041.nwk	Complete
10946at3041.nwk	Complete
10948at3041.nwk	Complete
1094at3041.nwk	Complete
10951at3041.nwk	Complete
10960at3041.nwk	Complete
10965at3041.nwk	Complete
11022at3041.nwk	Complete
11023at3041.nwk	Complete
11038at3041.nwk	Complete
1103at3041.nwk	Complete
11048at3041.nwk	Complete
11052at3041.nwk	Complete
11053at3041.nwk	Complete
11068at3041.nwk	Complete
11071at3041.nwk	Complete
11073at3041.nwk	Complete
11078at3041.nwk	Complete
1108at3041.nwk	Complete
11103at3041.nwk	Complete
11113at3041.nwk	Complete
11141at3041.nwk	Complete
1116at3041.nwk	Complete
11171at3041.nwk	Complete
11191at3041.nwk	Complete
11221at3041.nwk	Complete
11227at3041.nwk	Complete
11258at3041.nwk	Complete
11259at3041.nwk	Complete
1128at3041.nwk	Complete
11296at3041.nwk	Complete
11308at3041.nwk	Complete
11317at3041.nwk	Complete
11322at3041.nwk	Complete
11326at3041.nwk	Complete
11337at3041.nwk	Complete
1133at3041.nwk	Complete
11371at3041.nwk	Complete
11378at3041.nwk	Complete
11392at3041.nwk	Complete
1139at3041.nwk	Complete
11417at3041.nwk	Complete
1142at3041.nwk	Complete
1143at3041.nwk	Complete
11445at3041.nwk	Complete
11457at3041.nwk	Complete
11481at3041.nwk	Complete
11482at3041.nwk	Complete
1148at3041.nwk	Complete
1149at3041.nwk	Complete
11502at3041.nwk	Complete
11515at3041.nwk	Complete
11518at3041.nwk	Complete
11545at3041.nwk	Complete
11622at3041.nwk	Complete
11632at3041.nwk	Complete
11659at3041.nwk	Complete
11669at3041.nwk	Complete
11693at3041.nwk	Complete
11703at3041.nwk	Complete
1170at3041.nwk	Complete
11724at3041.nwk	Complete
11739at3041.nwk	Complete
11750at3041.nwk	Complete
1176at3041.nwk	Complete
11770at3041.nwk	Complete
11776at3041.nwk	Complete
11780at3041.nwk	Complete
11795at3041.nwk	Complete
117at3041.nwk	Complete
11803at3041.nwk	Complete
11829at3041.nwk	Complete
11836at3041.nwk	Complete
11837at3041.nwk	Complete
1183at3041.nwk	Complete
11842at3041.nwk	Complete
11866at3041.nwk	Complete
11870at3041.nwk	Complete
1187at3041.nwk	Complete
11894at3041.nwk	Complete
118at3041.nwk	Complete
11933at3041.nwk	Complete
11939at3041.nwk	Complete
1194at3041.nwk	Complete
11957at3041.nwk	Complete
1195at3041.nwk	Complete
1201at3041.nwk	Complete
12103at3041.nwk	Complete
1211at3041.nwk	Complete
12131at3041.nwk	Complete
12183at3041.nwk	Complete
12232at3041.nwk	Complete
12295at3041.nwk	Complete
1229at3041.nwk	Complete
12313at3041.nwk	Complete
1233at3041.nwk	Complete
1235at3041.nwk	Complete
12380at3041.nwk	Complete
1240at3041.nwk	Complete
1242at3041.nwk	Complete
12450at3041.nwk	Complete
12455at3041.nwk	Complete
1247at3041.nwk	Complete
1248at3041.nwk	Complete
12513at3041.nwk	Complete
12521at3041.nwk	Complete
12535at3041.nwk	Complete
12555at3041.nwk	Complete
12560at3041.nwk	Complete
1256at3041.nwk	Complete
1257at3041.nwk	Complete
12580at3041.nwk	Complete
12584at3041.nwk	Complete
125at3041.nwk	Complete
1265at3041.nwk	Complete
1267at3041.nwk	Complete
12685at3041.nwk	Complete
126at3041.nwk	Complete
1271at3041.nwk	Complete
1278at3041.nwk	Complete
1280at3041.nwk	Complete
1282at3041.nwk	Complete
12851at3041.nwk	Complete
12893at3041.nwk	Complete
1301at3041.nwk	Complete
13024at3041.nwk	Complete
1303at3041.nwk	Complete
1304at3041.nwk	Complete
13052at3041.nwk	Complete
1305at3041.nwk	Complete
1316at3041.nwk	Complete
1320at3041.nwk	Complete
1327at3041.nwk	Complete
1341at3041.nwk	Complete
1343at3041.nwk	Complete
1348at3041.nwk	Complete
1350at3041.nwk	Complete
1364at3041.nwk	Complete
1366at3041.nwk	Complete
1379at3041.nwk	Complete
137at3041.nwk	Complete
1385at3041.nwk	Complete
1391at3041.nwk	Complete
1410at3041.nwk	Complete
1418at3041.nwk	Complete
1422at3041.nwk	Complete
1428at3041.nwk	Complete
142at3041.nwk	Complete
1434at3041.nwk	Complete
143at3041.nwk	Complete
1445at3041.nwk	Complete
144at3041.nwk	Complete
1459at3041.nwk	Complete
1462at3041.nwk	Complete
1475at3041.nwk	Complete
1476at3041.nwk	Complete
1477at3041.nwk	Complete
1479at3041.nwk	Complete
1490at3041.nwk	Complete
1503at3041.nwk	Complete
1504at3041.nwk	Complete
1511at3041.nwk	Complete
1512at3041.nwk	Complete
1514at3041.nwk	Complete
1518at3041.nwk	Complete
1529at3041.nwk	Complete
1532at3041.nwk	Complete
1535at3041.nwk	Complete
1537at3041.nwk	Complete
1541at3041.nwk	Complete
1553at3041.nwk	Complete
155at3041.nwk	Complete
1569at3041.nwk	Complete
1570at3041.nwk	Complete
1574at3041.nwk	Complete
1576at3041.nwk	Complete
1578at3041.nwk	Complete
1584at3041.nwk	Complete
1590at3041.nwk	Complete
1593at3041.nwk	Complete
1594at3041.nwk	Complete
1596at3041.nwk	Complete
1597at3041.nwk	Complete
15at3041.nwk	Complete
1600at3041.nwk	Complete
1601at3041.nwk	Complete
1610at3041.nwk	Complete
1621at3041.nwk	Complete
1622at3041.nwk	Complete
1627at3041.nwk	Complete
1628at3041.nwk	Complete
1643at3041.nwk	Complete
1666at3041.nwk	Complete
1669at3041.nwk	Complete
1670at3041.nwk	Complete
1683at3041.nwk	Complete
1684at3041.nwk	Complete
1691at3041.nwk	Complete
1700at3041.nwk	Complete
1709at3041.nwk	Complete
1715at3041.nwk	Complete
171at3041.nwk	Complete
1720at3041.nwk	Complete
1722at3041.nwk	Complete
1727at3041.nwk	Complete
1728at3041.nwk	Complete
1729at3041.nwk	Complete
1737at3041.nwk	Complete
1738at3041.nwk	Complete
1739at3041.nwk	Complete
1740at3041.nwk	Complete
1742at3041.nwk	Complete
175at3041.nwk	Complete
1761at3041.nwk	Complete
1763at3041.nwk	Complete
1770at3041.nwk	Complete
1772at3041.nwk	Complete
179at3041.nwk	Complete
1800at3041.nwk	Complete
1804at3041.nwk	Complete
1805at3041.nwk	Complete
1808at3041.nwk	Complete
1815at3041.nwk	Complete
1816at3041.nwk	Complete
1817at3041.nwk	Complete
1820at3041.nwk	Complete
1825at3041.nwk	Complete
1826at3041.nwk	Complete
1842at3041.nwk	Complete
1848at3041.nwk	Complete
1862at3041.nwk	Complete
1863at3041.nwk	Complete
1864at3041.nwk	Complete
1872at3041.nwk	Complete
1878at3041.nwk	Complete
187at3041.nwk	Complete
1880at3041.nwk	Complete
1883at3041.nwk	Complete
1891at3041.nwk	Complete
1899at3041.nwk	Complete
1917at3041.nwk	Complete
1922at3041.nwk	Complete
1927at3041.nwk	Complete
1937at3041.nwk	Complete
1952at3041.nwk	Complete
1955at3041.nwk	Complete
1959at3041.nwk	Complete
1961at3041.nwk	Complete
1966at3041.nwk	Complete
1967at3041.nwk	Complete
1974at3041.nwk	Complete
1985at3041.nwk	Complete
1990at3041.nwk	Complete
1997at3041.nwk	Complete
1998at3041.nwk	Complete
2002at3041.nwk	Complete
2014at3041.nwk	Complete
2020at3041.nwk	Complete
2042at3041.nwk	Complete
2043at3041.nwk	Complete
2044at3041.nwk	Complete
2051at3041.nwk	Complete
2054at3041.nwk	Complete
2057at3041.nwk	Complete
2068at3041.nwk	Complete
2069at3041.nwk	Complete
2073at3041.nwk	Complete
207at3041.nwk	Complete
2088at3041.nwk	Complete
2101at3041.nwk	Complete
2104at3041.nwk	Complete
2109at3041.nwk	Complete
2110at3041.nwk	Complete
2112at3041.nwk	Complete
211at3041.nwk	Complete
2124at3041.nwk	Complete
2130at3041.nwk	Complete
2134at3041.nwk	Complete
2137at3041.nwk	Complete
2139at3041.nwk	Complete
2152at3041.nwk	Complete
2159at3041.nwk	Complete
2181at3041.nwk	Complete
2182at3041.nwk	Complete
2202at3041.nwk	Complete
2228at3041.nwk	Complete
222at3041.nwk	Complete
2231at3041.nwk	Complete
2233at3041.nwk	Complete
2243at3041.nwk	Complete
2251at3041.nwk	Complete
2257at3041.nwk	Complete
2261at3041.nwk	Complete
2267at3041.nwk	Complete
2268at3041.nwk	Complete
2269at3041.nwk	Complete
226at3041.nwk	Complete
2281at3041.nwk	Complete
2282at3041.nwk	Complete
228at3041.nwk	Complete
2298at3041.nwk	Complete
230at3041.nwk	Complete
2317at3041.nwk	Complete
2318at3041.nwk	Complete
231at3041.nwk	Complete
2327at3041.nwk	Complete
2338at3041.nwk	Complete
2358at3041.nwk	Complete
235at3041.nwk	Complete
2366at3041.nwk	Complete
2367at3041.nwk	Complete
2370at3041.nwk	Complete
2380at3041.nwk	Complete
2390at3041.nwk	Complete
2395at3041.nwk	Complete
2397at3041.nwk	Complete
239at3041.nwk	Complete
2400at3041.nwk	Complete
2403at3041.nwk	Complete
2404at3041.nwk	Complete
2423at3041.nwk	Complete
2426at3041.nwk	Complete
2455at3041.nwk	Complete
2461at3041.nwk	Complete
2463at3041.nwk	Complete
2467at3041.nwk	Complete
246at3041.nwk	Complete
2470at3041.nwk	Complete
2490at3041.nwk	Complete
2496at3041.nwk	Complete
2497at3041.nwk	Complete
2499at3041.nwk	Complete
2505at3041.nwk	Complete
251at3041.nwk	Complete
2520at3041.nwk	Complete
2521at3041.nwk	Complete
2523at3041.nwk	Complete
2528at3041.nwk	Complete
2531at3041.nwk	Complete
2533at3041.nwk	Complete
2544at3041.nwk	Complete
2547at3041.nwk	Complete
2553at3041.nwk	Complete
2555at3041.nwk	Complete
256at3041.nwk	Complete
2576at3041.nwk	Complete
2580at3041.nwk	Complete
2581at3041.nwk	Complete
2583at3041.nwk	Complete
2598at3041.nwk	Complete
2599at3041.nwk	Complete
2618at3041.nwk	Complete
2639at3041.nwk	Complete
263at3041.nwk	Complete
2654at3041.nwk	Complete
2664at3041.nwk	Complete
2670at3041.nwk	Complete
2671at3041.nwk	Complete
2687at3041.nwk	Complete
2688at3041.nwk	Complete
2694at3041.nwk	Complete
2699at3041.nwk	Complete
2720at3041.nwk	Complete
2721at3041.nwk	Complete
2722at3041.nwk	Complete
2724at3041.nwk	Complete
2728at3041.nwk	Complete
2729at3041.nwk	Complete
2743at3041.nwk	Complete
2749at3041.nwk	Complete
2773at3041.nwk	Complete
2782at3041.nwk	Complete
2802at3041.nwk	Complete
2815at3041.nwk	Complete
2820at3041.nwk	Complete
2831at3041.nwk	Complete
2837at3041.nwk	Complete
2843at3041.nwk	Complete
2851at3041.nwk	Complete
2855at3041.nwk	Complete
2863at3041.nwk	Complete
2869at3041.nwk	Complete
2871at3041.nwk	Complete
2876at3041.nwk	Complete
2878at3041.nwk	Complete
2892at3041.nwk	Complete
2896at3041.nwk	Complete
2903at3041.nwk	Complete
2909at3041.nwk	Complete
290at3041.nwk	Complete
2919at3041.nwk	Complete
2930at3041.nwk	Complete
2931at3041.nwk	Complete
2932at3041.nwk	Complete
2936at3041.nwk	Complete
2940at3041.nwk	Complete
2941at3041.nwk	Complete
2945at3041.nwk	Complete
294at3041.nwk	Complete
2954at3041.nwk	Complete
2959at3041.nwk	Complete
295at3041.nwk	Complete
2960at3041.nwk	Complete
2969at3041.nwk	Complete
2971at3041.nwk	Complete
2976at3041.nwk	Complete
2983at3041.nwk	Complete
2984at3041.nwk	Complete
2988at3041.nwk	Complete
2990at3041.nwk	Complete
3005at3041.nwk	Complete
3009at3041.nwk	Complete
3012at3041.nwk	Complete
3019at3041.nwk	Complete
3020at3041.nwk	Complete
3022at3041.nwk	Complete
3028at3041.nwk	Complete
3029at3041.nwk	Complete
3034at3041.nwk	Complete
3050at3041.nwk	Complete
3061at3041.nwk	Complete
3062at3041.nwk	Complete
3079at3041.nwk	Complete
307at3041.nwk	Complete
3080at3041.nwk	Complete
3096at3041.nwk	Complete
3106at3041.nwk	Complete
3112at3041.nwk	Complete
3119at3041.nwk	Complete
3120at3041.nwk	Complete
3121at3041.nwk	Complete
3123at3041.nwk	Complete
3133at3041.nwk	Complete
3137at3041.nwk	Complete
3144at3041.nwk	Complete
3145at3041.nwk	Complete
3151at3041.nwk	Complete
3152at3041.nwk	Complete
3153at3041.nwk	Complete
3173at3041.nwk	Complete
3178at3041.nwk	Complete
3179at3041.nwk	Complete
3181at3041.nwk	Complete
3188at3041.nwk	Complete
3198at3041.nwk	Complete
3202at3041.nwk	Complete
3208at3041.nwk	Complete
3216at3041.nwk	Complete
3217at3041.nwk	Complete
3222at3041.nwk	Complete
322at3041.nwk	Complete
3232at3041.nwk	Complete
3239at3041.nwk	Complete
3240at3041.nwk	Complete
324at3041.nwk	Complete
3254at3041.nwk	Complete
3261at3041.nwk	Complete
3277at3041.nwk	Complete
3291at3041.nwk	Complete
3297at3041.nwk	Complete
3304at3041.nwk	Complete
3306at3041.nwk	Complete
3312at3041.nwk	Complete
3315at3041.nwk	Complete
3323at3041.nwk	Complete
3333at3041.nwk	Complete
3337at3041.nwk	Complete
3338at3041.nwk	Complete
3350at3041.nwk	Complete
3352at3041.nwk	Complete
3355at3041.nwk	Complete
336at3041.nwk	Complete
3370at3041.nwk	Complete
3371at3041.nwk	Complete
3373at3041.nwk	Complete
3375at3041.nwk	Complete
3380at3041.nwk	Complete
3391at3041.nwk	Complete
3396at3041.nwk	Complete
3398at3041.nwk	Complete
3407at3041.nwk	Complete
3408at3041.nwk	Complete
3411at3041.nwk	Complete
3417at3041.nwk	Complete
3418at3041.nwk	Complete
3428at3041.nwk	Complete
3434at3041.nwk	Complete
3438at3041.nwk	Complete
3446at3041.nwk	Complete
3454at3041.nwk	Complete
3456at3041.nwk	Complete
345at3041.nwk	Complete
346at3041.nwk	Complete
3483at3041.nwk	Complete
3493at3041.nwk	Complete
3499at3041.nwk	Complete
3509at3041.nwk	Complete
3514at3041.nwk	Complete
3537at3041.nwk	Complete
3540at3041.nwk	Complete
3554at3041.nwk	Complete
3556at3041.nwk	Complete
3558at3041.nwk	Complete
3559at3041.nwk	Complete
3562at3041.nwk	Complete
3583at3041.nwk	Complete
3587at3041.nwk	Complete
3588at3041.nwk	Complete
3591at3041.nwk	Complete
3613at3041.nwk	Complete
3614at3041.nwk	Complete
3618at3041.nwk	Complete
3621at3041.nwk	Complete
3624at3041.nwk	Complete
3629at3041.nwk	Complete
363at3041.nwk	Complete
3644at3041.nwk	Complete
3646at3041.nwk	Complete
366at3041.nwk	Complete
3673at3041.nwk	Complete
3678at3041.nwk	Complete
3687at3041.nwk	Complete
3692at3041.nwk	Complete
3697at3041.nwk	Complete
3706at3041.nwk	Complete
3709at3041.nwk	Complete
3711at3041.nwk	Complete
3717at3041.nwk	Complete
3721at3041.nwk	Complete
3733at3041.nwk	Complete
3758at3041.nwk	Complete
3760at3041.nwk	Complete
3774at3041.nwk	Complete
3802at3041.nwk	Complete
3806at3041.nwk	Complete
381at3041.nwk	Complete
3820at3041.nwk	Complete
3835at3041.nwk	Complete
3840at3041.nwk	Complete
3854at3041.nwk	Complete
3864at3041.nwk	Complete
3867at3041.nwk	Complete
3869at3041.nwk	Complete
3870at3041.nwk	Complete
3885at3041.nwk	Complete
388at3041.nwk	Complete
3892at3041.nwk	Complete
3893at3041.nwk	Complete
3895at3041.nwk	Complete
3903at3041.nwk	Complete
3911at3041.nwk	Complete
3914at3041.nwk	Complete
391at3041.nwk	Complete
3946at3041.nwk	Complete
3950at3041.nwk	Complete
3954at3041.nwk	Complete
3955at3041.nwk	Complete
3974at3041.nwk	Complete
3977at3041.nwk	Complete
3988at3041.nwk	Complete
3994at3041.nwk	Complete
3998at3041.nwk	Complete
4012at3041.nwk	Complete
4016at3041.nwk	Complete
4023at3041.nwk	Complete
4047at3041.nwk	Complete
4050at3041.nwk	Complete
4055at3041.nwk	Complete
4057at3041.nwk	Complete
4058at3041.nwk	Complete
4063at3041.nwk	Complete
4065at3041.nwk	Complete
406at3041.nwk	Complete
4072at3041.nwk	Complete
4074at3041.nwk	Complete
4080at3041.nwk	Complete
4081at3041.nwk	Complete
4083at3041.nwk	Complete
4084at3041.nwk	Complete
4086at3041.nwk	Complete
4087at3041.nwk	Complete
4088at3041.nwk	Complete
4101at3041.nwk	Complete
4102at3041.nwk	Complete
4109at3041.nwk	Complete
4122at3041.nwk	Complete
4127at3041.nwk	Complete
4129at3041.nwk	Complete
412at3041.nwk	Complete
4134at3041.nwk	Complete
4140at3041.nwk	Complete
4143at3041.nwk	Complete
4146at3041.nwk	Complete
4147at3041.nwk	Complete
4152at3041.nwk	Complete
4155at3041.nwk	Complete
4156at3041.nwk	Complete
415at3041.nwk	Complete
4160at3041.nwk	Complete
416at3041.nwk	Complete
417at3041.nwk	Complete
4188at3041.nwk	Complete
4194at3041.nwk	Complete
4200at3041.nwk	Complete
4202at3041.nwk	Complete
4203at3041.nwk	Complete
4204at3041.nwk	Complete
4217at3041.nwk	Complete
4230at3041.nwk	Complete
4231at3041.nwk	Complete
4242at3041.nwk	Complete
424at3041.nwk	Complete
4253at3041.nwk	Complete
4255at3041.nwk	Complete
4257at3041.nwk	Complete
4259at3041.nwk	Complete
425at3041.nwk	Complete
4262at3041.nwk	Complete
4267at3041.nwk	Complete
427at3041.nwk	Complete
4288at3041.nwk	Complete
4289at3041.nwk	Complete
4290at3041.nwk	Complete
4292at3041.nwk	Complete
4294at3041.nwk	Complete
4295at3041.nwk	Complete
4299at3041.nwk	Complete
42at3041.nwk	Complete
4300at3041.nwk	Complete
4302at3041.nwk	Complete
4308at3041.nwk	Complete
4310at3041.nwk	Complete
4312at3041.nwk	Complete
4317at3041.nwk	Complete
4322at3041.nwk	Complete
4327at3041.nwk	Complete
4331at3041.nwk	Complete
433at3041.nwk	Complete
4348at3041.nwk	Complete
4351at3041.nwk	Complete
4374at3041.nwk	Complete
4376at3041.nwk	Complete
4381at3041.nwk	Complete
439at3041.nwk	Complete
4403at3041.nwk	Complete
4405at3041.nwk	Complete
440at3041.nwk	Complete
4410at3041.nwk	Complete
4417at3041.nwk	Complete
4419at3041.nwk	Complete
4423at3041.nwk	Complete
4427at3041.nwk	Complete
4431at3041.nwk	Complete
4439at3041.nwk	Complete
443at3041.nwk	Complete
4446at3041.nwk	Complete
4458at3041.nwk	Complete
4506at3041.nwk	Complete
4511at3041.nwk	Complete
4514at3041.nwk	Complete
4519at3041.nwk	Complete
4520at3041.nwk	Complete
4530at3041.nwk	Complete
4533at3041.nwk	Complete
4544at3041.nwk	Complete
4546at3041.nwk	Complete
4550at3041.nwk	Complete
4553at3041.nwk	Complete
4558at3041.nwk	Complete
4563at3041.nwk	Complete
4566at3041.nwk	Complete
4567at3041.nwk	Complete
4573at3041.nwk	Complete
4580at3041.nwk	Complete
4583at3041.nwk	Complete
4599at3041.nwk	Complete
45at3041.nwk	Complete
4604at3041.nwk	Complete
4605at3041.nwk	Complete
4606at3041.nwk	Complete
4608at3041.nwk	Complete
4609at3041.nwk	Complete
4619at3041.nwk	Complete
4624at3041.nwk	Complete
4627at3041.nwk	Complete
4630at3041.nwk	Complete
4633at3041.nwk	Complete
4664at3041.nwk	Complete
4665at3041.nwk	Complete
4667at3041.nwk	Complete
4670at3041.nwk	Complete
4686at3041.nwk	Complete
4690at3041.nwk	Complete
4693at3041.nwk	Complete
4697at3041.nwk	Complete
4703at3041.nwk	Complete
4708at3041.nwk	Complete
4718at3041.nwk	Complete
4728at3041.nwk	Complete
4734at3041.nwk	Complete
4751at3041.nwk	Complete
4754at3041.nwk	Complete
4758at3041.nwk	Complete
4759at3041.nwk	Complete
4763at3041.nwk	Complete
4778at3041.nwk	Complete
477at3041.nwk	Complete
4797at3041.nwk	Complete
4800at3041.nwk	Complete
4808at3041.nwk	Complete
4813at3041.nwk	Complete
4822at3041.nwk	Complete
4824at3041.nwk	Complete
4825at3041.nwk	Complete
4835at3041.nwk	Complete
4840at3041.nwk	Complete
4847at3041.nwk	Complete
4855at3041.nwk	Complete
4864at3041.nwk	Complete
4872at3041.nwk	Complete
4873at3041.nwk	Complete
4879at3041.nwk	Complete
4884at3041.nwk	Complete
4899at3041.nwk	Complete
4904at3041.nwk	Complete
4924at3041.nwk	Complete
4927at3041.nwk	Complete
4933at3041.nwk	Complete
4937at3041.nwk	Complete
4943at3041.nwk	Complete
4945at3041.nwk	Complete
4951at3041.nwk	Complete
4956at3041.nwk	Complete
4958at3041.nwk	Complete
495at3041.nwk	Complete
4962at3041.nwk	Complete
4971at3041.nwk	Complete
4972at3041.nwk	Complete
4975at3041.nwk	Complete
4984at3041.nwk	Complete
4990at3041.nwk	Complete
4993at3041.nwk	Complete
4997at3041.nwk	Complete
5005at3041.nwk	Complete
5020at3041.nwk	Complete
5027at3041.nwk	Complete
5035at3041.nwk	Complete
5044at3041.nwk	Complete
5047at3041.nwk	Complete
5053at3041.nwk	Complete
5057at3041.nwk	Complete
5058at3041.nwk	Complete
505at3041.nwk	Complete
5060at3041.nwk	Complete
5064at3041.nwk	Complete
5073at3041.nwk	Complete
5075at3041.nwk	Complete
5076at3041.nwk	Complete
5080at3041.nwk	Complete
5094at3041.nwk	Complete
5095at3041.nwk	Complete
5102at3041.nwk	Complete
5103at3041.nwk	Complete
5107at3041.nwk	Complete
5108at3041.nwk	Complete
510at3041.nwk	Complete
5123at3041.nwk	Complete
5129at3041.nwk	Complete
5130at3041.nwk	Complete
5142at3041.nwk	Complete
5145at3041.nwk	Complete
5163at3041.nwk	Complete
5179at3041.nwk	Complete
5188at3041.nwk	Complete
5213at3041.nwk	Complete
5224at3041.nwk	Complete
522at3041.nwk	Complete
5230at3041.nwk	Complete
5231at3041.nwk	Complete
5236at3041.nwk	Complete
5240at3041.nwk	Complete
524at3041.nwk	Complete
5262at3041.nwk	Complete
5267at3041.nwk	Complete
5270at3041.nwk	Complete
5278at3041.nwk	Complete
5279at3041.nwk	Complete
5280at3041.nwk	Complete
5285at3041.nwk	Complete
5292at3041.nwk	Complete
52at3041.nwk	Complete
5301at3041.nwk	Complete
5304at3041.nwk	Complete
5305at3041.nwk	Complete
5317at3041.nwk	Complete
5319at3041.nwk	Complete
5327at3041.nwk	Complete
5335at3041.nwk	Complete
5338at3041.nwk	Complete
5343at3041.nwk	Complete
534at3041.nwk	Complete
5364at3041.nwk	Complete
5366at3041.nwk	Complete
5387at3041.nwk	Complete
5393at3041.nwk	Complete
5398at3041.nwk	Complete
5409at3041.nwk	Complete
5415at3041.nwk	Complete
5420at3041.nwk	Complete
5422at3041.nwk	Complete
5423at3041.nwk	Complete
5424at3041.nwk	Complete
5426at3041.nwk	Complete
5429at3041.nwk	Complete
5430at3041.nwk	Complete
5444at3041.nwk	Complete
5458at3041.nwk	Complete
5472at3041.nwk	Complete
5474at3041.nwk	Complete
5479at3041.nwk	Complete
5496at3041.nwk	Complete
5502at3041.nwk	Complete
5503at3041.nwk	Complete
550at3041.nwk	Complete
5512at3041.nwk	Complete
5520at3041.nwk	Complete
5528at3041.nwk	Complete
5531at3041.nwk	Complete
5533at3041.nwk	Complete
5543at3041.nwk	Complete
5547at3041.nwk	Complete
5550at3041.nwk	Complete
5551at3041.nwk	Complete
5554at3041.nwk	Complete
5555at3041.nwk	Complete
5561at3041.nwk	Complete
5563at3041.nwk	Complete
5567at3041.nwk	Complete
5568at3041.nwk	Complete
5588at3041.nwk	Complete
5589at3041.nwk	Complete
5590at3041.nwk	Complete
5594at3041.nwk	Complete
5599at3041.nwk	Complete
561at3041.nwk	Complete
5634at3041.nwk	Complete
5635at3041.nwk	Complete
5644at3041.nwk	Complete
5645at3041.nwk	Complete
5657at3041.nwk	Complete
5659at3041.nwk	Complete
5662at3041.nwk	Complete
5677at3041.nwk	Complete
5680at3041.nwk	Complete
5681at3041.nwk	Complete
5701at3041.nwk	Complete
5702at3041.nwk	Complete
5703at3041.nwk	Complete
5705at3041.nwk	Complete
5706at3041.nwk	Complete
570at3041.nwk	Complete
5735at3041.nwk	Complete
5737at3041.nwk	Complete
5738at3041.nwk	Complete
5744at3041.nwk	Complete
5766at3041.nwk	Complete
5779at3041.nwk	Complete
5785at3041.nwk	Complete
5786at3041.nwk	Complete
5788at3041.nwk	Complete
5794at3041.nwk	Complete
5796at3041.nwk	Complete
5802at3041.nwk	Complete
5818at3041.nwk	Complete
581at3041.nwk	Complete
5822at3041.nwk	Complete
5825at3041.nwk	Complete
5835at3041.nwk	Complete
5839at3041.nwk	Complete
5845at3041.nwk	Complete
5849at3041.nwk	Complete
5874at3041.nwk	Complete
587at3041.nwk	Complete
5886at3041.nwk	Complete
5900at3041.nwk	Complete
5905at3041.nwk	Complete
5906at3041.nwk	Complete
5911at3041.nwk	Complete
5923at3041.nwk	Complete
5929at3041.nwk	Complete
5934at3041.nwk	Complete
593at3041.nwk	Complete
5946at3041.nwk	Complete
594at3041.nwk	Complete
5950at3041.nwk	Complete
5962at3041.nwk	Complete
5963at3041.nwk	Complete
5982at3041.nwk	Complete
5988at3041.nwk	Complete
5994at3041.nwk	Complete
599at3041.nwk	Complete
6001at3041.nwk	Complete
6002at3041.nwk	Complete
6003at3041.nwk	Complete
6005at3041.nwk	Complete
6009at3041.nwk	Complete
6013at3041.nwk	Complete
6017at3041.nwk	Complete
6018at3041.nwk	Complete
6065at3041.nwk	Complete
6072at3041.nwk	Complete
6074at3041.nwk	Complete
6086at3041.nwk	Complete
6097at3041.nwk	Complete
6105at3041.nwk	Complete
6111at3041.nwk	Complete
6113at3041.nwk	Complete
6123at3041.nwk	Complete
6144at3041.nwk	Complete
6145at3041.nwk	Complete
6146at3041.nwk	Complete
6156at3041.nwk	Complete
617at3041.nwk	Complete
6181at3041.nwk	Complete
6183at3041.nwk	Complete
6187at3041.nwk	Complete
6190at3041.nwk	Complete
6192at3041.nwk	Complete
6198at3041.nwk	Complete
619at3041.nwk	Complete
6207at3041.nwk	Complete
6211at3041.nwk	Complete
6225at3041.nwk	Complete
6261at3041.nwk	Complete
6268at3041.nwk	Complete
6282at3041.nwk	Complete
6290at3041.nwk	Complete
629at3041.nwk	Complete
6302at3041.nwk	Complete
6319at3041.nwk	Complete
6330at3041.nwk	Complete
6334at3041.nwk	Complete
633at3041.nwk	Complete
6345at3041.nwk	Complete
6347at3041.nwk	Complete
6348at3041.nwk	Complete
6355at3041.nwk	Complete
6357at3041.nwk	Complete
635at3041.nwk	Complete
6375at3041.nwk	Complete
6381at3041.nwk	Complete
6397at3041.nwk	Complete
639at3041.nwk	Complete
6403at3041.nwk	Complete
6407at3041.nwk	Complete
6422at3041.nwk	Complete
6423at3041.nwk	Complete
643at3041.nwk	Complete
6445at3041.nwk	Complete
6448at3041.nwk	Complete
6453at3041.nwk	Complete
6454at3041.nwk	Complete
6455at3041.nwk	Complete
6476at3041.nwk	Complete
6479at3041.nwk	Complete
6489at3041.nwk	Complete
6490at3041.nwk	Complete
6491at3041.nwk	Complete
64at3041.nwk	Complete
6504at3041.nwk	Complete
6505at3041.nwk	Complete
6506at3041.nwk	Complete
6516at3041.nwk	Complete
6517at3041.nwk	Complete
6521at3041.nwk	Complete
6525at3041.nwk	Complete
652at3041.nwk	Complete
6561at3041.nwk	Complete
6562at3041.nwk	Complete
6565at3041.nwk	Complete
6570at3041.nwk	Complete
6571at3041.nwk	Complete
6577at3041.nwk	Complete
6583at3041.nwk	Complete
6589at3041.nwk	Complete
6593at3041.nwk	Complete
6602at3041.nwk	Complete
6621at3041.nwk	Complete
6622at3041.nwk	Complete
6623at3041.nwk	Complete
6625at3041.nwk	Complete
6628at3041.nwk	Complete
6629at3041.nwk	Complete
6643at3041.nwk	Complete
6649at3041.nwk	Complete
6651at3041.nwk	Complete
6653at3041.nwk	Complete
6673at3041.nwk	Complete
6681at3041.nwk	Complete
6682at3041.nwk	Complete
6689at3041.nwk	Complete
66at3041.nwk	Complete
6704at3041.nwk	Complete
6710at3041.nwk	Complete
6717at3041.nwk	Complete
6718at3041.nwk	Complete
6721at3041.nwk	Complete
6733at3041.nwk	Complete
6734at3041.nwk	Complete
6738at3041.nwk	Complete
676at3041.nwk	Complete
6773at3041.nwk	Complete
6774at3041.nwk	Complete
6785at3041.nwk	Complete
6799at3041.nwk	Complete
6802at3041.nwk	Complete
6813at3041.nwk	Complete
681at3041.nwk	Complete
6836at3041.nwk	Complete
6837at3041.nwk	Complete
6847at3041.nwk	Complete
6850at3041.nwk	Complete
6851at3041.nwk	Complete
6861at3041.nwk	Complete
6870at3041.nwk	Complete
6880at3041.nwk	Complete
6885at3041.nwk	Complete
6891at3041.nwk	Complete
6896at3041.nwk	Complete
6897at3041.nwk	Complete
6905at3041.nwk	Complete
6909at3041.nwk	Complete
6926at3041.nwk	Complete
6930at3041.nwk	Complete
6940at3041.nwk	Complete
6952at3041.nwk	Complete
6962at3041.nwk	Complete
6972at3041.nwk	Complete
697at3041.nwk	Complete
6986at3041.nwk	Complete
6987at3041.nwk	Complete
6989at3041.nwk	Complete
6991at3041.nwk	Complete
7007at3041.nwk	Complete
7011at3041.nwk	Complete
7013at3041.nwk	Complete
7014at3041.nwk	Complete
7020at3041.nwk	Complete
7021at3041.nwk	Complete
7025at3041.nwk	Complete
7030at3041.nwk	Complete
7040at3041.nwk	Complete
7047at3041.nwk	Complete
7051at3041.nwk	Complete
7053at3041.nwk	Complete
7055at3041.nwk	Complete
7058at3041.nwk	Complete
7059at3041.nwk	Complete
7062at3041.nwk	Complete
7063at3041.nwk	Complete
7064at3041.nwk	Complete
7067at3041.nwk	Complete
7070at3041.nwk	Complete
7072at3041.nwk	Complete
7087at3041.nwk	Complete
7089at3041.nwk	Complete
7101at3041.nwk	Complete
7107at3041.nwk	Complete
7114at3041.nwk	Complete
7118at3041.nwk	Complete
7128at3041.nwk	Complete
7129at3041.nwk	Complete
7132at3041.nwk	Complete
7143at3041.nwk	Complete
714at3041.nwk	Complete
7167at3041.nwk	Complete
7168at3041.nwk	Complete
7184at3041.nwk	Complete
7189at3041.nwk	Complete
7205at3041.nwk	Complete
721at3041.nwk	Complete
7224at3041.nwk	Complete
7237at3041.nwk	Complete
7248at3041.nwk	Complete
7254at3041.nwk	Complete
7265at3041.nwk	Complete
7266at3041.nwk	Complete
7268at3041.nwk	Complete
7269at3041.nwk	Complete
7274at3041.nwk	Complete
7276at3041.nwk	Complete
727at3041.nwk	Complete
7288at3041.nwk	Complete
7294at3041.nwk	Complete
72at3041.nwk	Complete
7300at3041.nwk	Complete
7303at3041.nwk	Complete
7308at3041.nwk	Complete
7319at3041.nwk	Complete
731at3041.nwk	Complete
7331at3041.nwk	Complete
7334at3041.nwk	Complete
733at3041.nwk	Complete
7353at3041.nwk	Complete
7357at3041.nwk	Complete
7366at3041.nwk	Complete
7378at3041.nwk	Complete
7388at3041.nwk	Complete
7392at3041.nwk	Complete
7394at3041.nwk	Complete
7397at3041.nwk	Complete
7398at3041.nwk	Complete
7423at3041.nwk	Complete
7428at3041.nwk	Complete
7434at3041.nwk	Complete
743at3041.nwk	Complete
7448at3041.nwk	Complete
7461at3041.nwk	Complete
7462at3041.nwk	Complete
7468at3041.nwk	Complete
7470at3041.nwk	Complete
7494at3041.nwk	Complete
7498at3041.nwk	Complete
7512at3041.nwk	Complete
7519at3041.nwk	Complete
7539at3041.nwk	Complete
7545at3041.nwk	Complete
7548at3041.nwk	Complete
7564at3041.nwk	Complete
7568at3041.nwk	Complete
7570at3041.nwk	Complete
7577at3041.nwk	Complete
7579at3041.nwk	Complete
7588at3041.nwk	Complete
761at3041.nwk	Complete
7631at3041.nwk	Complete
7633at3041.nwk	Complete
763at3041.nwk	Complete
7642at3041.nwk	Complete
7646at3041.nwk	Complete
7648at3041.nwk	Complete
7661at3041.nwk	Complete
7663at3041.nwk	Complete
766at3041.nwk	Complete
7672at3041.nwk	Complete
7678at3041.nwk	Complete
767at3041.nwk	Complete
7686at3041.nwk	Complete
768at3041.nwk	Complete
7691at3041.nwk	Complete
7698at3041.nwk	Complete
769at3041.nwk	Complete
7700at3041.nwk	Complete
7716at3041.nwk	Complete
7738at3041.nwk	Complete
7742at3041.nwk	Complete
7744at3041.nwk	Complete
7748at3041.nwk	Complete
7763at3041.nwk	Complete
7769at3041.nwk	Complete
776at3041.nwk	Complete
7776at3041.nwk	Complete
7781at3041.nwk	Complete
7785at3041.nwk	Complete
7789at3041.nwk	Complete
7794at3041.nwk	Complete
779at3041.nwk	Complete
7802at3041.nwk	Complete
7804at3041.nwk	Complete
781at3041.nwk	Complete
7823at3041.nwk	Complete
7826at3041.nwk	Complete
782at3041.nwk	Complete
7844at3041.nwk	Complete
7848at3041.nwk	Complete
784at3041.nwk	Complete
7853at3041.nwk	Complete
7856at3041.nwk	Complete
7859at3041.nwk	Complete
7868at3041.nwk	Complete
7879at3041.nwk	Complete
7900at3041.nwk	Complete
7902at3041.nwk	Complete
7903at3041.nwk	Complete
7914at3041.nwk	Complete
7922at3041.nwk	Complete
7955at3041.nwk	Complete
7956at3041.nwk	Complete
7963at3041.nwk	Complete
7965at3041.nwk	Complete
796at3041.nwk	Complete
7977at3041.nwk	Complete
7993at3041.nwk	Complete
7998at3041.nwk	Complete
7999at3041.nwk	Complete
799at3041.nwk	Complete
8000at3041.nwk	Complete
8001at3041.nwk	Complete
8004at3041.nwk	Complete
8010at3041.nwk	Complete
8021at3041.nwk	Complete
803at3041.nwk	Complete
8047at3041.nwk	Complete
8052at3041.nwk	Complete
8061at3041.nwk	Complete
8069at3041.nwk	Complete
8073at3041.nwk	Complete
8074at3041.nwk	Complete
8100at3041.nwk	Complete
8106at3041.nwk	Complete
810at3041.nwk	Complete
8114at3041.nwk	Complete
8117at3041.nwk	Complete
812at3041.nwk	Complete
8130at3041.nwk	Complete
8134at3041.nwk	Complete
8145at3041.nwk	Complete
8151at3041.nwk	Complete
8157at3041.nwk	Complete
815at3041.nwk	Complete
8173at3041.nwk	Complete
818at3041.nwk	Complete
8190at3041.nwk	Complete
8191at3041.nwk	Complete
8206at3041.nwk	Complete
8208at3041.nwk	Complete
820at3041.nwk	Complete
8218at3041.nwk	Complete
8229at3041.nwk	Complete
8231at3041.nwk	Complete
8248at3041.nwk	Complete
8259at3041.nwk	Complete
8260at3041.nwk	Complete
8274at3041.nwk	Complete
8275at3041.nwk	Complete
8289at3041.nwk	Complete
8296at3041.nwk	Complete
8301at3041.nwk	Complete
8309at3041.nwk	Complete
830at3041.nwk	Complete
8310at3041.nwk	Complete
8318at3041.nwk	Complete
8327at3041.nwk	Complete
832at3041.nwk	Complete
8331at3041.nwk	Complete
8348at3041.nwk	Complete
8364at3041.nwk	Complete
8372at3041.nwk	Complete
8373at3041.nwk	Complete
8377at3041.nwk	Complete
8379at3041.nwk	Complete
8384at3041.nwk	Complete
8395at3041.nwk	Complete
8406at3041.nwk	Complete
8408at3041.nwk	Complete
8415at3041.nwk	Complete
8420at3041.nwk	Complete
8424at3041.nwk	Complete
8438at3041.nwk	Complete
8448at3041.nwk	Complete
8449at3041.nwk	Complete
8451at3041.nwk	Complete
8453at3041.nwk	Complete
8455at3041.nwk	Complete
8465at3041.nwk	Complete
8492at3041.nwk	Complete
8494at3041.nwk	Complete
8500at3041.nwk	Complete
8502at3041.nwk	Complete
8526at3041.nwk	Complete
8539at3041.nwk	Complete
8542at3041.nwk	Complete
8558at3041.nwk	Complete
8574at3041.nwk	Complete
8592at3041.nwk	Complete
8595at3041.nwk	Complete
8618at3041.nwk	Complete
8619at3041.nwk	Complete
8620at3041.nwk	Complete
8623at3041.nwk	Complete
8629at3041.nwk	Complete
8632at3041.nwk	Complete
863at3041.nwk	Complete
8641at3041.nwk	Complete
8644at3041.nwk	Complete
8645at3041.nwk	Complete
8662at3041.nwk	Complete
8675at3041.nwk	Complete
8690at3041.nwk	Complete
8714at3041.nwk	Complete
8718at3041.nwk	Complete
8720at3041.nwk	Complete
8727at3041.nwk	Complete
872at3041.nwk	Complete
8754at3041.nwk	Complete
8778at3041.nwk	Complete
8781at3041.nwk	Complete
8787at3041.nwk	Complete
878at3041.nwk	Complete
8793at3041.nwk	Complete
879at3041.nwk	Complete
8810at3041.nwk	Complete
8811at3041.nwk	Complete
8826at3041.nwk	Complete
8836at3041.nwk	Complete
8843at3041.nwk	Complete
8844at3041.nwk	Complete
8849at3041.nwk	Complete
884at3041.nwk	Complete
8859at3041.nwk	Complete
885at3041.nwk	Complete
8862at3041.nwk	Complete
8863at3041.nwk	Complete
8868at3041.nwk	Complete
8869at3041.nwk	Complete
8871at3041.nwk	Complete
8895at3041.nwk	Complete
8898at3041.nwk	Complete
8904at3041.nwk	Complete
890at3041.nwk	Complete
891at3041.nwk	Complete
8920at3041.nwk	Complete
8925at3041.nwk	Complete
8926at3041.nwk	Complete
8937at3041.nwk	Complete
8939at3041.nwk	Complete
8947at3041.nwk	Complete
894at3041.nwk	Complete
8977at3041.nwk	Complete
897at3041.nwk	Complete
8987at3041.nwk	Complete
8989at3041.nwk	Complete
8991at3041.nwk	Complete
8997at3041.nwk	Complete
9005at3041.nwk	Complete
900at3041.nwk	Complete
9021at3041.nwk	Complete
9034at3041.nwk	Complete
9042at3041.nwk	Complete
9051at3041.nwk	Complete
9073at3041.nwk	Complete
9077at3041.nwk	Complete
9088at3041.nwk	Complete
9101at3041.nwk	Complete
9109at3041.nwk	Complete
911at3041.nwk	Complete
9123at3041.nwk	Complete
9134at3041.nwk	Complete
9135at3041.nwk	Complete
9152at3041.nwk	Complete
9158at3041.nwk	Complete
9168at3041.nwk	Complete
9169at3041.nwk	Complete
9170at3041.nwk	Complete
9180at3041.nwk	Complete
9184at3041.nwk	Complete
9185at3041.nwk	Complete
918at3041.nwk	Complete
9197at3041.nwk	Complete
919at3041.nwk	Complete
91at3041.nwk	Complete
9210at3041.nwk	Complete
9211at3041.nwk	Complete
9229at3041.nwk	Complete
9237at3041.nwk	Complete
9261at3041.nwk	Complete
926at3041.nwk	Complete
9277at3041.nwk	Complete
9279at3041.nwk	Complete
9281at3041.nwk	Complete
9283at3041.nwk	Complete
928at3041.nwk	Complete
9298at3041.nwk	Complete
930at3041.nwk	Complete
9319at3041.nwk	Complete
9331at3041.nwk	Complete
9347at3041.nwk	Complete
9376at3041.nwk	Complete
9379at3041.nwk	Complete
9401at3041.nwk	Complete
9403at3041.nwk	Complete
9415at3041.nwk	Complete
9417at3041.nwk	Complete
9421at3041.nwk	Complete
9423at3041.nwk	Complete
9426at3041.nwk	Complete
943at3041.nwk	Complete
9452at3041.nwk	Complete
9467at3041.nwk	Complete
9470at3041.nwk	Complete
9476at3041.nwk	Complete
9478at3041.nwk	Complete
9487at3041.nwk	Complete
948at3041.nwk	Complete
9493at3041.nwk	Complete
9508at3041.nwk	Complete
9516at3041.nwk	Complete
957at3041.nwk	Complete
9580at3041.nwk	Complete
9586at3041.nwk	Complete
9588at3041.nwk	Complete
9600at3041.nwk	Complete
9604at3041.nwk	Complete
9613at3041.nwk	Complete
9622at3041.nwk	Complete
9624at3041.nwk	Complete
9631at3041.nwk	Complete
9632at3041.nwk	Complete
9637at3041.nwk	Complete
963at3041.nwk	Complete
9651at3041.nwk	Complete
965at3041.nwk	Complete
9668at3041.nwk	Complete
9687at3041.nwk	Complete
9693at3041.nwk	Complete
969at3041.nwk	Complete
96at3041.nwk	Complete
9749at3041.nwk	Complete
9753at3041.nwk	Complete
9759at3041.nwk	Complete
9788at3041.nwk	Complete
9812at3041.nwk	Complete
9846at3041.nwk	Complete
9860at3041.nwk	Complete
988at3041.nwk	Complete
9901at3041.nwk	Complete
9903at3041.nwk	Complete
9927at3041.nwk	Complete
992at3041.nwk	Complete
9943at3041.nwk	Complete
9946at3041.nwk	Complete
9958at3041.nwk	Complete
9982at3041.nwk	Complete
9985at3041.nwk	Complete
9991at3041.nwk	Complete
9999at3041.nwk	Complete
99at3041.nwk	Complete
