10100at3041	Complete
10157at3041	Complete
10175at3041	Complete
10201at3041	Complete
10205at3041	Complete
1029at3041	Complete
10459at3041	Complete
10491at3041	Complete
10545at3041	Complete
10668at3041	Complete
10744at3041	Complete
1080at3041	Complete
1094at3041	Complete
11052at3041	Complete
11068at3041	Complete
11071at3041	Complete
11326at3041	Complete
1133at3041	Complete
11371at3041	Complete
11378at3041	Complete
11750at3041	Complete
11780at3041	Complete
117at3041	Complete
11842at3041	Complete
1194at3041	Complete
11957at3041	Complete
1195at3041	Complete
1201at3041	Complete
1229at3041	Complete
1233at3041	Complete
1240at3041	Complete
1247at3041	Complete
1248at3041	Complete
1265at3041	Complete
126at3041	Complete
1280at3041	Complete
1303at3041	Complete
1305at3041	Complete
1320at3041	Complete
1327at3041	Complete
1348at3041	Complete
1391at3041	Complete
1418at3041	Complete
142at3041	Complete
144at3041	Complete
1459at3041	Complete
1479at3041	Complete
1490at3041	Complete
1511at3041	Complete
1512at3041	Complete
1514at3041	Complete
1529at3041	Complete
1535at3041	Complete
1541at3041	Complete
155at3041	Complete
1574at3041	Complete
1576at3041	Complete
1578at3041	Complete
1593at3041	Complete
1596at3041	Complete
1600at3041	Complete
1627at3041	Complete
1643at3041	Complete
1666at3041	Complete
1709at3041	Complete
171at3041	Complete
1722at3041	Complete
1737at3041	Complete
1740at3041	Complete
1761at3041	Complete
1763at3041	Complete
1770at3041	Complete
1800at3041	Complete
1804at3041	Complete
1817at3041	Complete
1826at3041	Complete
1842at3041	Complete
1848at3041	Complete
1864at3041	Complete
1878at3041	Complete
187at3041	Complete
1880at3041	Complete
2002at3041	Complete
2020at3041	Complete
2057at3041	Complete
207at3041	Complete
2104at3041	Complete
2112at3041	Complete
2124at3041	Complete
2182at3041	Complete
2202at3041	Complete
2257at3041	Complete
2261at3041	Complete
2317at3041	Complete
2358at3041	Complete
2367at3041	Complete
2370at3041	Complete
2400at3041	Complete
2404at3041	Complete
2496at3041	Complete
2499at3041	Complete
251at3041	Complete
2523at3041	Complete
2547at3041	Complete
2598at3041	Complete
2618at3041	Complete
2687at3041	Complete
2688at3041	Complete
2724at3041	Complete
2855at3041	Complete
2871at3041	Complete
2876at3041	Complete
2903at3041	Complete
2931at3041	Complete
2941at3041	Complete
295at3041	Complete
2960at3041	Complete
2988at3041	Complete
2990at3041	Complete
3005at3041	Complete
3019at3041	Complete
3050at3041	Complete
3119at3041	Complete
3120at3041	Complete
3121at3041	Complete
3133at3041	Complete
3202at3041	Complete
3222at3041	Complete
3355at3041	Complete
3370at3041	Complete
3396at3041	Complete
3398at3041	Complete
3454at3041	Complete
3509at3041	Complete
3556at3041	Complete
3562at3041	Complete
3588at3041	Complete
3614at3041	Complete
3618at3041	Complete
3629at3041	Complete
363at3041	Complete
3697at3041	Complete
3711at3041	Complete
3721at3041	Complete
3774at3041	Complete
381at3041	Complete
3820at3041	Complete
3854at3041	Complete
3864at3041	Complete
3869at3041	Complete
388at3041	Complete
3903at3041	Complete
3977at3041	Complete
3988at3041	Complete
3994at3041	Complete
4016at3041	Complete
4023at3041	Complete
4055at3041	Complete
4058at3041	Complete
4083at3041	Complete
4084at3041	Complete
4087at3041	Complete
4101at3041	Complete
4109at3041	Complete
4122at3041	Complete
4146at3041	Complete
416at3041	Complete
417at3041	Complete
4194at3041	Complete
4200at3041	Complete
4230at3041	Complete
4255at3041	Complete
4257at3041	Complete
425at3041	Complete
427at3041	Complete
4289at3041	Complete
4299at3041	Complete
4302at3041	Complete
433at3041	Complete
4348at3041	Complete
439at3041	Complete
4410at3041	Complete
4419at3041	Complete
4446at3041	Complete
4583at3041	Complete
4605at3041	Complete
4606at3041	Complete
4609at3041	Complete
4624at3041	Complete
4630at3041	Complete
4703at3041	Complete
4734at3041	Complete
4758at3041	Complete
4759at3041	Complete
477at3041	Complete
4808at3041	Complete
4847at3041	Complete
4873at3041	Complete
4884at3041	Complete
4933at3041	Complete
4951at3041	Complete
4956at3041	Complete
495at3041	Complete
4962at3041	Complete
4984at3041	Complete
5044at3041	Complete
5073at3041	Complete
5080at3041	Complete
5095at3041	Complete
5103at3041	Complete
5213at3041	Complete
522at3041	Complete
5231at3041	Complete
524at3041	Complete
5262at3041	Complete
5267at3041	Complete
5270at3041	Complete
52at3041	Complete
5338at3041	Complete
534at3041	Complete
5420at3041	Complete
5424at3041	Complete
5429at3041	Complete
5430at3041	Complete
5444at3041	Complete
5479at3041	Complete
550at3041	Complete
5554at3041	Complete
5589at3041	Complete
5594at3041	Complete
561at3041	Complete
5635at3041	Complete
5645at3041	Complete
5662at3041	Complete
5677at3041	Complete
5681at3041	Complete
5701at3041	Complete
5702at3041	Complete
5706at3041	Complete
5735at3041	Complete
5737at3041	Complete
5785at3041	Complete
5822at3041	Complete
5825at3041	Complete
5845at3041	Complete
5849at3041	Complete
5911at3041	Complete
5934at3041	Complete
5946at3041	Complete
5963at3041	Complete
5982at3041	Complete
6097at3041	Complete
6111at3041	Complete
6145at3041	Complete
6187at3041	Complete
6190at3041	Complete
6282at3041	Complete
6290at3041	Complete
629at3041	Complete
6319at3041	Complete
6330at3041	Complete
6334at3041	Complete
633at3041	Complete
635at3041	Complete
6403at3041	Complete
6422at3041	Complete
6445at3041	Complete
6479at3041	Complete
6506at3041	Complete
6565at3041	Complete
6577at3041	Complete
6583at3041	Complete
6623at3041	Complete
6673at3041	Complete
6682at3041	Complete
6689at3041	Complete
66at3041	Complete
6710at3041	Complete
6717at3041	Complete
6836at3041	Complete
6847at3041	Complete
6870at3041	Complete
6891at3041	Complete
6896at3041	Complete
6909at3041	Complete
6930at3041	Complete
6989at3041	Complete
7020at3041	Complete
7053at3041	Complete
7058at3041	Complete
7059at3041	Complete
7072at3041	Complete
7101at3041	Complete
7107at3041	Complete
7128at3041	Complete
7132at3041	Complete
714at3041	Complete
7189at3041	Complete
7205at3041	Complete
721at3041	Complete
7237at3041	Complete
7254at3041	Complete
7268at3041	Complete
7269at3041	Complete
727at3041	Complete
7288at3041	Complete
7357at3041	Complete
7366at3041	Complete
7378at3041	Complete
7388at3041	Complete
7394at3041	Complete
7398at3041	Complete
7428at3041	Complete
743at3041	Complete
7461at3041	Complete
7512at3041	Complete
7545at3041	Complete
7548at3041	Complete
7564at3041	Complete
761at3041	Complete
763at3041	Complete
7663at3041	Complete
766at3041	Complete
768at3041	Complete
7698at3041	Complete
7785at3041	Complete
779at3041	Complete
7823at3041	Complete
782at3041	Complete
7844at3041	Complete
7868at3041	Complete
7998at3041	Complete
8052at3041	Complete
8061at3041	Complete
8074at3041	Complete
8100at3041	Complete
8114at3041	Complete
8130at3041	Complete
815at3041	Complete
818at3041	Complete
8191at3041	Complete
8229at3041	Complete
8274at3041	Complete
8275at3041	Complete
832at3041	Complete
8331at3041	Complete
8364at3041	Complete
8424at3041	Complete
8455at3041	Complete
8494at3041	Complete
8500at3041	Complete
8644at3041	Complete
8645at3041	Complete
8727at3041	Complete
872at3041	Complete
878at3041	Complete
8836at3041	Complete
884at3041	Complete
8862at3041	Complete
8863at3041	Complete
8895at3041	Complete
894at3041	Complete
897at3041	Complete
8991at3041	Complete
9005at3041	Complete
900at3041	Complete
9051at3041	Complete
9088at3041	Complete
9123at3041	Complete
9134at3041	Complete
9152at3041	Complete
926at3041	Complete
928at3041	Complete
930at3041	Complete
9319at3041	Complete
943at3041	Complete
9452at3041	Complete
9467at3041	Complete
9476at3041	Complete
9487at3041	Complete
957at3041	Complete
9631at3041	Complete
963at3041	Complete
965at3041	Complete
969at3041	Complete
9846at3041	Complete
9985at3041	Complete
99at3041	Complete
